query_id,engine,precision@3,recall@3,hit@3,mrr,ndcg@3
Q_PFCP_control_1,none,,,,,
Q_PFCP_control_1,bm25,0.0,0.0,0.0,0.0,0.0
Q_PFCP_control_1,vector,0.0,0.0,0.0,0.0,0.0
Q_PFCP_control_2,none,,,,,
Q_PFCP_control_2,bm25,0.0,0.0,0.0,0.0,0.0
Q_PFCP_control_2,vector,0.0,0.0,0.0,0.0,0.0
Q_PFCP_control_3,none,,,,,
Q_PFCP_control_3,bm25,0.0,0.0,0.0,0.0,0.0
Q_PFCP_control_3,vector,0.0,0.0,0.0,0.0,0.0
Q_PFCP_retrieval_1,none,,,,,
Q_PFCP_retrieval_1,bm25,0.6666666666666666,0.5,1.0,1.0,0.7653606369886217
Q_PFCP_retrieval_1,vector,0.3333333333333333,0.25,1.0,0.3333333333333333,0.23463936301137822
Q_PFCP_retrieval_3,none,,,,,
Q_PFCP_retrieval_3,bm25,0.0,0.0,0.0,0.0,0.0
Q_PFCP_retrieval_3,vector,0.0,0.0,0.0,0.0,0.0
